instance_id,address,hostname
IP-0001,10.1.3.11,host-001
IP-0002,10.2.6.12,host-002
IP-0003,10.3.9.13,host-003
IP-0004,10.4.12.14,host-004
IP-0005,10.5.15.15,host-005
IP-0006,10.6.18.16,host-006
IP-0007,10.7.21.17,host-007
IP-0008,10.8.24.18,host-008
IP-0009,10.9.27.19,host-009
IP-0010,10.10.30.20,host-010
IP-0011,10.11.33.21,host-011
IP-0012,10.12.36.22,host-012
IP-0013,10.13.39.23,host-013
IP-0014,10.14.42.24,host-014
IP-0015,10.15.45.25,host-015
IP-0016,10.16.48.26,host-016
IP-0017,10.17.51.27,host-017
IP-0018,10.18.54.28,host-018
IP-0019,10.19.57.29,host-019
IP-0020,10.20.60.30,host-020
IP-0021,10.21.63.31,host-021
IP-0022,10.22.66.32,host-022
IP-0023,10.23.69.33,host-023
IP-0024,10.24.72.34,host-024
IP-0025,10.25.75.35,host-025
IP-0026,10.26.78.36,host-026
IP-0027,10.27.81.37,host-027
IP-0028,10.28.84.38,host-028
IP-0029,10.29.87.39,host-029
IP-0030,10.30.90.40,host-030
IP-0031,10.31.93.41,host-031
IP-0032,10.32.96.42,host-032
IP-0033,10.33.99.43,host-033
IP-0034,10.34.102.44,host-034
IP-0035,10.35.105.45,host-035
IP-0036,10.36.108.46,host-036
IP-0037,10.37.111.47,host-037
IP-0038,10.38.114.48,host-038
IP-0039,10.39.117.49,host-039
IP-0040,10.40.120.50,host-040
IP-0041,10.41.123.51,host-041
IP-0042,10.42.126.52,host-042
IP-0043,10.43.129.53,host-043
IP-0044,10.44.132.54,host-044
IP-0045,10.45.135.55,host-045
IP-0046,10.46.138.56,host-046
IP-0047,10.47.141.57,host-047
IP-0048,10.48.144.58,host-048
IP-0049,10.49.147.59,host-049
IP-0050,10.50.150.60,host-050
IP-0051,10.51.153.61,host-051
IP-0052,10.52.156.62,host-052
IP-0053,10.53.159.63,host-053
IP-0054,10.54.162.64,host-054
IP-0055,10.55.165.65,host-055
IP-0056,10.56.168.66,host-056
IP-0057,10.57.171.67,host-057
IP-0058,10.58.174.68,host-058
IP-0059,10.59.177.69,host-059
IP-0060,10.60.180.70,host-060
IP-0061,10.61.183.71,host-061
IP-0062,10.62.186.72,host-062
IP-0063,10.63.189.73,host-063
IP-0064,10.64.192.74,host-064
IP-0065,10.65.195.75,host-065
IP-0066,10.66.198.76,host-066
IP-0067,10.67.201.77,host-067
IP-0068,10.68.204.78,host-068
IP-0069,10.69.207.79,host-069
IP-0070,10.70.210.80,host-070
IP-0071,10.71.213.81,host-071
IP-0072,10.72.216.82,host-072
IP-0073,10.73.219.83,host-073
IP-0074,10.74.222.84,host-074
IP-0075,10.75.225.85,host-075
IP-0076,10.76.228.86,host-076
IP-0077,10.77.231.87,host-077
IP-0078,10.78.234.88,host-078
IP-0079,10.79.237.89,host-079
IP-0080,10.80.240.90,host-080
IP-0081,10.81.243.91,host-081
IP-0082,10.82.246.92,host-082
IP-0083,10.83.249.93,host-083
IP-0084,10.84.2.94,host-084
IP-0085,10.85.5.95,host-085
IP-0086,10.86.8.96,host-086
IP-0087,10.87.11.97,host-087
IP-0088,10.88.14.98,host-088
IP-0089,10.89.17.99,host-089
IP-0090,10.90.20.100,host-090
IP-0091,10.91.23.101,host-091
IP-0092,10.92.26.102,host-092
IP-0093,10.93.29.103,host-093
IP-0094,10.94.32.104,host-094
IP-0095,10.95.35.105,host-095
IP-0096,10.96.38.106,host-096
IP-0097,10.97.41.107,host-097
IP-0098,10.98.44.108,host-098
IP-0099,10.99.47.109,host-099
IP-0100,10.100.50.110,host-100
IP-0101,10.101.53.111,host-101
IP-0102,10.102.56.112,host-102
IP-0103,10.103.59.113,host-103
IP-0104,10.104.62.114,host-104
IP-0105,10.105.65.115,host-105
IP-0106,10.106.68.116,host-106
IP-0107,10.107.71.117,host-107
IP-0108,10.108.74.118,host-108
IP-0109,10.109.77.119,host-109
IP-0110,10.110.80.120,host-110
IP-0111,10.111.83.121,host-111
IP-0112,10.112.86.122,host-112
IP-0113,10.113.89.123,host-113
IP-0114,10.114.92.124,host-114
IP-0115,10.115.95.125,host-115
IP-0116,10.116.98.126,host-116
IP-0117,10.117.101.127,host-117
IP-0118,10.118.104.128,host-118
IP-0119,10.119.107.129,host-119
IP-0120,10.120.110.130,host-120
IP-0121,10.121.113.131,host-121
IP-0122,10.122.116.132,host-122
IP-0123,10.123.119.133,host-123
IP-0124,10.124.122.134,host-124
IP-0125,10.125.125.135,host-125
IP-0126,10.126.128.136,host-126
IP-0127,10.127.131.137,host-127
IP-0128,10.128.134.138,host-128
IP-0129,10.129.137.139,host-129
IP-0130,10.130.140.140,host-130
IP-0131,10.131.143.141,host-131
IP-0132,10.132.146.142,host-132
IP-0133,10.133.149.143,host-133
IP-0134,10.134.152.144,host-134
IP-0135,10.135.155.145,host-135
IP-0136,10.136.158.146,host-136
IP-0137,10.137.161.147,host-137
IP-0138,10.138.164.148,host-138
IP-0139,10.139.167.149,host-139
IP-0140,10.140.170.150,host-140
IP-0141,10.141.173.151,host-141
IP-0142,10.142.176.152,host-142
IP-0143,10.143.179.153,host-143
IP-0144,10.144.182.154,host-144
IP-0145,10.145.185.155,host-145
IP-0146,10.146.188.156,host-146
IP-0147,10.147.191.157,host-147
IP-0148,10.148.194.158,host-148
IP-0149,10.149.197.159,host-149
IP-0150,10.150.200.160,host-150
