from_instance_id,to_instance_id,since
CS-0128,DB-0074,2023-09-05
CS-0143,DB-0141,2023-06-10
CS-0130,DB-0064,2024-05-10
CS-0015,DB-0058,2024-01-26
CS-0041,DB-0140,2023-03-26
CS-0021,DB-0070,2025-07-02
CS-0080,DB-0126,2024-05-07
CS-0062,DB-0032,2023-12-16
CS-0055,DB-0113,2023-02-18
CS-0021,DB-0135,2024-02-28
CS-0128,DB-0032,2023-07-16
CS-0057,DB-0074,2025-05-19
CS-0119,DB-0102,2024-06-26
CS-0126,DB-0048,2024-08-27
CS-0085,DB-0042,2025-10-05
CS-0075,DB-0102,2023-09-21
CS-0143,DB-0049,2024-08-22
CS-0018,DB-0144,2024-03-28
CS-0060,DB-0137,2025-06-03
CS-0021,DB-0147,2025-11-20
CS-0120,DB-0073,2024-07-08
CS-0095,DB-0102,2024-06-18
CS-0149,DB-0146,2023-11-15
CS-0058,DB-0027,2025-05-21
CS-0071,DB-0021,2023-03-23
CS-0082,DB-0010,2023-10-21
CS-0063,DB-0091,2025-05-18
CS-0144,DB-0048,2025-02-21
CS-0024,DB-0018,2025-02-07
CS-0144,DB-0022,2025-09-19
CS-0001,DB-0034,2023-10-17
CS-0076,DB-0099,2023-08-17
CS-0013,DB-0017,2023-02-22
CS-0001,DB-0046,2025-03-01
CS-0098,DB-0055,2024-04-08
CS-0010,DB-0116,2025-10-15
CS-0017,DB-0025,2023-09-20
CS-0084,DB-0121,2024-07-19
CS-0032,DB-0014,2023-08-28
CS-0004,DB-0050,2023-06-14
CS-0061,DB-0121,2023-07-01
CS-0111,DB-0079,2025-06-13
CS-0041,DB-0142,2024-02-04
CS-0105,DB-0059,2023-09-06
CS-0123,DB-0077,2024-03-06
CS-0097,DB-0124,2024-02-05
CS-0072,DB-0134,2024-07-22
CS-0085,DB-0003,2023-01-20
CS-0004,DB-0092,2024-03-01
CS-0067,DB-0114,2025-01-10
CS-0144,DB-0137,2024-02-11
CS-0126,DB-0072,2023-07-11
CS-0131,DB-0063,2024-07-27
CS-0139,DB-0112,2023-01-07
CS-0143,DB-0081,2023-10-19
CS-0123,DB-0025,2023-08-17
CS-0071,DB-0057,2025-07-04
CS-0017,DB-0051,2024-01-11
CS-0115,DB-0128,2024-09-14
CS-0061,DB-0002,2023-08-01
CS-0107,DB-0035,2024-11-08
CS-0119,DB-0043,2023-05-18
CS-0017,DB-0108,2025-11-04
CS-0138,DB-0097,2023-09-21
CS-0078,DB-0016,2023-05-19
CS-0065,DB-0015,2024-08-03
CS-0125,DB-0117,2025-09-07
CS-0150,DB-0064,2023-06-18
CS-0020,DB-0046,2023-04-18
CS-0017,DB-0058,2024-09-15
CS-0135,DB-0016,2023-01-27
CS-0046,DB-0018,2024-10-10
CS-0088,DB-0075,2025-03-01
CS-0047,DB-0126,2023-08-09
CS-0002,DB-0028,2025-05-27
CS-0001,DB-0019,2025-07-12
CS-0129,DB-0060,2025-04-19
CS-0034,DB-0062,2025-05-02
CS-0105,DB-0109,2023-12-18
CS-0003,DB-0121,2025-02-10
CS-0126,DB-0045,2023-07-23
CS-0100,DB-0066,2023-03-24
CS-0147,DB-0081,2025-05-14
CS-0035,DB-0052,2023-10-17
CS-0117,DB-0016,2024-11-11
CS-0027,DB-0145,2025-05-25
CS-0106,DB-0150,2025-08-09
CS-0114,DB-0016,2023-11-11
CS-0039,DB-0123,2024-04-15
CS-0050,DB-0021,2025-06-01
CS-0053,DB-0092,2025-03-21
CS-0049,DB-0024,2023-10-16
CS-0108,DB-0128,2023-01-22
CS-0110,DB-0143,2023-07-18
CS-0096,DB-0098,2025-12-16
CS-0096,DB-0059,2024-09-03
CS-0147,DB-0010,2025-11-03
CS-0073,DB-0041,2025-01-27
CS-0027,DB-0044,2025-08-22
CS-0133,DB-0064,2023-06-27
CS-0089,DB-0047,2024-10-12
CS-0102,DB-0028,2024-03-27
CS-0055,DB-0141,2025-01-04
CS-0060,DB-0120,2024-06-07
CS-0070,DB-0059,2024-01-08
CS-0119,DB-0111,2025-01-25
CS-0054,DB-0137,2024-11-23
CS-0057,DB-0083,2024-04-03
CS-0063,DB-0040,2025-11-10
CS-0129,DB-0124,2025-04-08
CS-0014,DB-0005,2024-06-02
CS-0084,DB-0029,2024-08-23
CS-0143,DB-0105,2025-10-07
CS-0111,DB-0103,2023-04-27
CS-0124,DB-0088,2025-07-04
CS-0132,DB-0093,2024-10-17
CS-0123,DB-0090,2024-03-18
CS-0090,DB-0057,2023-11-24
CS-0040,DB-0071,2025-11-22
CS-0079,DB-0126,2025-10-06
CS-0099,DB-0006,2023-10-05
CS-0068,DB-0007,2025-02-05
CS-0115,DB-0149,2024-10-28
CS-0012,DB-0100,2023-09-24
CS-0006,DB-0084,2024-04-28
CS-0109,DB-0046,2025-01-23
CS-0134,DB-0063,2025-09-20
CS-0123,DB-0124,2024-11-18
CS-0003,DB-0126,2024-01-14
CS-0013,DB-0018,2025-11-21
CS-0007,DB-0133,2023-06-14
CS-0118,DB-0139,2024-05-04
CS-0119,DB-0108,2025-09-15
CS-0007,DB-0078,2024-06-17
CS-0119,DB-0061,2023-12-08
CS-0043,DB-0097,2023-05-14
CS-0083,DB-0061,2025-08-11
CS-0016,DB-0060,2023-07-07
CS-0043,DB-0104,2024-02-19
CS-0143,DB-0132,2023-12-08
CS-0124,DB-0036,2025-07-03
CS-0077,DB-0063,2023-04-06
CS-0073,DB-0074,2024-05-03
CS-0042,DB-0045,2025-11-04
CS-0091,DB-0135,2023-08-14
CS-0007,DB-0146,2023-10-26
CS-0097,DB-0095,2025-06-27
CS-0123,DB-0013,2024-04-04
CS-0020,DB-0083,2024-04-11
CS-0027,DB-0026,2023-06-17
