incident_id,to_instance_id
INC-000001,APP-0013
INC-000002,APP-0035
INC-000003,CS-0115
INC-000004,APP-0010
INC-000005,APP-0028
INC-000006,DB-0073
INC-000007,NW-0057
INC-000008,NW-0038
INC-000009,ST-0059
INC-000010,CS-0055
INC-000011,APP-0100
INC-000012,CS-0150
INC-000013,DB-0146
INC-000014,CS-0066
INC-000015,NW-0139
INC-000016,CS-0146
INC-000017,DB-0020
INC-000018,CS-0026
INC-000019,DB-0117
INC-000020,CS-0061
INC-000021,ST-0114
INC-000022,APP-0142
INC-000023,NW-0047
INC-000024,NW-0118
INC-000025,CS-0093
INC-000026,CS-0116
INC-000027,CS-0103
INC-000028,DB-0046
INC-000029,CS-0019
INC-000030,ST-0035
INC-000031,CS-0106
INC-000032,CS-0104
INC-000033,APP-0004
INC-000034,ST-0121
INC-000035,CS-0034
INC-000036,NW-0076
INC-000037,ST-0057
INC-000038,ST-0019
INC-000039,DB-0072
INC-000040,NW-0037
INC-000041,NW-0074
INC-000042,DB-0087
INC-000043,ST-0041
INC-000044,NW-0132
INC-000045,DB-0115
INC-000046,DB-0077
INC-000047,DB-0009
INC-000048,DB-0017
INC-000049,APP-0015
INC-000050,DB-0118
INC-000051,NW-0043
INC-000052,NW-0130
INC-000053,ST-0085
INC-000054,CS-0024
INC-000055,DB-0080
INC-000056,DB-0099
INC-000057,CS-0110
INC-000058,CS-0116
INC-000059,NW-0129
INC-000060,NW-0142
INC-000061,APP-0044
INC-000062,CS-0101
INC-000063,ST-0141
INC-000064,CS-0039
INC-000065,ST-0002
INC-000066,DB-0020
INC-000067,APP-0117
INC-000068,DB-0011
INC-000069,NW-0001
INC-000070,ST-0126
INC-000071,NW-0023
INC-000072,ST-0135
INC-000073,NW-0145
INC-000074,APP-0122
INC-000075,CS-0071
INC-000076,DB-0109
INC-000077,CS-0083
INC-000078,DB-0050
INC-000079,CS-0055
INC-000080,DB-0104
INC-000081,NW-0069
INC-000082,APP-0005
INC-000083,ST-0002
INC-000084,NW-0096
INC-000085,NW-0026
INC-000086,ST-0074
INC-000087,CS-0085
INC-000088,DB-0067
INC-000089,NW-0115
INC-000090,NW-0131
INC-000091,CS-0052
INC-000092,NW-0109
INC-000093,DB-0106
INC-000094,ST-0117
INC-000095,APP-0064
INC-000096,APP-0088
INC-000097,ST-0024
INC-000098,ST-0026
INC-000099,ST-0010
INC-000100,CS-0050
INC-000101,APP-0072
INC-000102,NW-0100
INC-000103,CS-0004
INC-000104,DB-0144
INC-000105,ST-0111
INC-000106,NW-0085
INC-000107,APP-0057
INC-000108,NW-0110
INC-000109,CS-0046
INC-000110,NW-0087
INC-000111,ST-0091
INC-000112,APP-0071
INC-000113,APP-0098
INC-000114,APP-0011
INC-000115,APP-0058
INC-000116,CS-0066
INC-000117,CS-0144
INC-000118,NW-0068
INC-000119,CS-0037
INC-000120,APP-0078
INC-000121,DB-0106
INC-000122,NW-0018
INC-000123,DB-0076
INC-000124,APP-0125
INC-000125,DB-0123
INC-000126,NW-0042
INC-000127,CS-0043
INC-000128,APP-0068
INC-000129,ST-0149
INC-000130,NW-0124
INC-000131,CS-0090
INC-000132,DB-0073
INC-000133,APP-0146
INC-000134,ST-0050
INC-000135,ST-0098
INC-000136,CS-0001
INC-000137,DB-0072
INC-000138,NW-0119
INC-000139,NW-0029
INC-000140,ST-0060
INC-000141,NW-0087
INC-000142,APP-0097
INC-000143,APP-0031
INC-000144,DB-0043
INC-000145,CS-0110
INC-000146,DB-0007
INC-000147,CS-0150
INC-000148,CS-0025
INC-000149,CS-0107
INC-000150,DB-0144
