change_id,to_instance_id
CHG-000001,ST-0102
CHG-000002,APP-0023
CHG-000003,CS-0076
CHG-000004,ST-0108
CHG-000005,DB-0150
CHG-000006,APP-0036
CHG-000007,DB-0012
CHG-000008,NW-0150
CHG-000009,ST-0006
CHG-000010,CS-0114
CHG-000011,DB-0019
CHG-000012,CS-0130
CHG-000013,ST-0108
CHG-000014,ST-0004
CHG-000015,APP-0117
CHG-000016,NW-0080
CHG-000017,NW-0089
CHG-000018,DB-0005
CHG-000019,DB-0106
CHG-000020,APP-0076
CHG-000021,ST-0087
CHG-000022,ST-0149
CHG-000023,ST-0102
CHG-000024,APP-0027
CHG-000025,CS-0142
CHG-000026,NW-0012
CHG-000027,CS-0069
CHG-000028,ST-0052
CHG-000029,NW-0120
CHG-000030,DB-0128
CHG-000031,APP-0044
CHG-000032,DB-0079
CHG-000033,APP-0110
CHG-000034,NW-0120
CHG-000035,NW-0069
CHG-000036,APP-0123
CHG-000037,ST-0076
CHG-000038,DB-0114
CHG-000039,APP-0115
CHG-000040,CS-0063
CHG-000041,ST-0012
CHG-000042,DB-0077
CHG-000043,DB-0002
CHG-000044,ST-0092
CHG-000045,CS-0022
CHG-000046,DB-0029
CHG-000047,ST-0020
CHG-000048,NW-0074
CHG-000049,APP-0041
CHG-000050,NW-0027
CHG-000051,DB-0141
CHG-000052,NW-0069
CHG-000053,CS-0081
CHG-000054,DB-0015
CHG-000055,APP-0127
CHG-000056,APP-0007
CHG-000057,APP-0023
CHG-000058,CS-0119
CHG-000059,APP-0056
CHG-000060,NW-0138
CHG-000061,NW-0020
CHG-000062,DB-0130
CHG-000063,APP-0110
CHG-000064,CS-0089
CHG-000065,ST-0044
CHG-000066,NW-0054
CHG-000067,DB-0071
CHG-000068,NW-0009
CHG-000069,NW-0029
CHG-000070,DB-0041
CHG-000071,NW-0024
CHG-000072,NW-0056
CHG-000073,CS-0073
CHG-000074,ST-0063
CHG-000075,DB-0051
CHG-000076,DB-0067
CHG-000077,APP-0147
CHG-000078,ST-0096
CHG-000079,NW-0051
CHG-000080,CS-0130
CHG-000081,APP-0106
CHG-000082,DB-0103
CHG-000083,ST-0081
CHG-000084,CS-0043
CHG-000085,DB-0107
CHG-000086,NW-0121
CHG-000087,APP-0112
CHG-000088,ST-0125
CHG-000089,APP-0010
CHG-000090,NW-0043
CHG-000091,NW-0071
CHG-000092,DB-0129
CHG-000093,APP-0047
CHG-000094,APP-0120
CHG-000095,APP-0047
CHG-000096,APP-0032
CHG-000097,CS-0053
CHG-000098,DB-0025
CHG-000099,ST-0020
CHG-000100,CS-0056
CHG-000101,APP-0098
CHG-000102,NW-0046
CHG-000103,NW-0126
CHG-000104,APP-0098
CHG-000105,CS-0143
CHG-000106,CS-0021
CHG-000107,DB-0018
CHG-000108,NW-0149
CHG-000109,APP-0145
CHG-000110,CS-0043
CHG-000111,CS-0044
CHG-000112,ST-0003
CHG-000113,DB-0075
CHG-000114,ST-0066
CHG-000115,NW-0040
CHG-000116,APP-0041
CHG-000117,NW-0023
CHG-000118,APP-0006
CHG-000119,CS-0042
CHG-000120,CS-0031
CHG-000121,APP-0037
CHG-000122,NW-0015
CHG-000123,NW-0019
CHG-000124,DB-0124
CHG-000125,ST-0083
CHG-000126,APP-0137
CHG-000127,NW-0038
CHG-000128,CS-0107
CHG-000129,NW-0112
CHG-000130,NW-0140
CHG-000131,DB-0048
CHG-000132,NW-0117
CHG-000133,DB-0109
CHG-000134,CS-0006
CHG-000135,CS-0030
CHG-000136,CS-0139
CHG-000137,CS-0124
CHG-000138,CS-0013
CHG-000139,NW-0097
CHG-000140,ST-0126
CHG-000141,APP-0134
CHG-000142,CS-0091
CHG-000143,ST-0069
CHG-000144,ST-0031
CHG-000145,ST-0083
CHG-000146,NW-0055
CHG-000147,DB-0052
CHG-000148,CS-0116
CHG-000149,ST-0034
CHG-000150,APP-0137
