change_id,incident_id
CHG-000004,INC-000007
CHG-000040,INC-000023
CHG-000010,INC-000050
CHG-000110,INC-000042
CHG-000119,INC-000081
CHG-000037,INC-000087
CHG-000138,INC-000137
CHG-000033,INC-000035
CHG-000049,INC-000044
CHG-000001,INC-000038
CHG-000065,INC-000059
CHG-000092,INC-000038
CHG-000070,INC-000132
CHG-000056,INC-000007
CHG-000147,INC-000112
CHG-000125,INC-000145
CHG-000142,INC-000068
CHG-000023,INC-000069
CHG-000078,INC-000144
CHG-000116,INC-000008
CHG-000133,INC-000080
CHG-000010,INC-000047
CHG-000093,INC-000018
CHG-000009,INC-000135
CHG-000008,INC-000135
CHG-000089,INC-000031
CHG-000067,INC-000088
CHG-000055,INC-000097
CHG-000148,INC-000066
CHG-000103,INC-000018
CHG-000076,INC-000070
CHG-000140,INC-000069
CHG-000044,INC-000103
CHG-000107,INC-000131
CHG-000087,INC-000074
CHG-000149,INC-000022
CHG-000034,INC-000071
CHG-000093,INC-000030
CHG-000066,INC-000022
CHG-000015,INC-000119
CHG-000011,INC-000115
CHG-000100,INC-000041
CHG-000109,INC-000113
CHG-000098,INC-000021
CHG-000129,INC-000001
CHG-000015,INC-000128
CHG-000096,INC-000083
CHG-000004,INC-000037
CHG-000013,INC-000121
CHG-000041,INC-000114
CHG-000132,INC-000078
CHG-000117,INC-000041
CHG-000040,INC-000041
CHG-000074,INC-000117
CHG-000131,INC-000098
CHG-000139,INC-000073
CHG-000049,INC-000118
CHG-000059,INC-000001
CHG-000131,INC-000134
CHG-000125,INC-000040
CHG-000041,INC-000046
CHG-000046,INC-000080
CHG-000099,INC-000021
CHG-000113,INC-000007
CHG-000084,INC-000148
CHG-000084,INC-000027
CHG-000088,INC-000083
CHG-000033,INC-000125
CHG-000147,INC-000016
CHG-000140,INC-000013
CHG-000120,INC-000068
CHG-000054,INC-000007
CHG-000106,INC-000126
CHG-000139,INC-000101
CHG-000135,INC-000034
CHG-000143,INC-000024
CHG-000033,INC-000001
CHG-000126,INC-000119
CHG-000048,INC-000035
CHG-000090,INC-000053
CHG-000120,INC-000116
CHG-000125,INC-000042
CHG-000145,INC-000082
CHG-000134,INC-000142
CHG-000011,INC-000016
CHG-000106,INC-000084
CHG-000030,INC-000092
CHG-000110,INC-000017
CHG-000116,INC-000002
CHG-000051,INC-000016
CHG-000007,INC-000014
CHG-000068,INC-000059
CHG-000026,INC-000043
CHG-000046,INC-000117
CHG-000094,INC-000063
CHG-000134,INC-000056
CHG-000002,INC-000028
CHG-000075,INC-000001
CHG-000139,INC-000113
CHG-000040,INC-000007
CHG-000021,INC-000086
CHG-000132,INC-000091
CHG-000003,INC-000080
CHG-000022,INC-000113
CHG-000056,INC-000123
CHG-000020,INC-000065
CHG-000002,INC-000041
CHG-000004,INC-000141
CHG-000139,INC-000048
CHG-000148,INC-000045
CHG-000126,INC-000080
CHG-000025,INC-000150
CHG-000128,INC-000058
CHG-000126,INC-000087
CHG-000072,INC-000145
CHG-000035,INC-000020
CHG-000058,INC-000051
CHG-000147,INC-000051
CHG-000105,INC-000053
CHG-000003,INC-000060
CHG-000098,INC-000125
CHG-000007,INC-000073
CHG-000140,INC-000044
CHG-000130,INC-000137
CHG-000034,INC-000130
CHG-000119,INC-000063
CHG-000068,INC-000133
CHG-000044,INC-000012
CHG-000015,INC-000073
CHG-000024,INC-000059
CHG-000137,INC-000066
CHG-000031,INC-000150
CHG-000070,INC-000132
CHG-000150,INC-000034
CHG-000140,INC-000039
CHG-000097,INC-000108
CHG-000065,INC-000133
CHG-000011,INC-000115
CHG-000058,INC-000108
CHG-000005,INC-000038
CHG-000005,INC-000039
CHG-000123,INC-000036
CHG-000108,INC-000037
CHG-000076,INC-000139
CHG-000076,INC-000140
CHG-000119,INC-000150
CHG-000031,INC-000012
CHG-000018,INC-000116
CHG-000063,INC-000100
CHG-000067,INC-000037
